{"_timestamp":1.747689250808364e+09,"_runtime":333.52598423,"_step":0,"base_accuracy":0.7468661544682572,"novel_accuracy":0.7704026115342764,"harmonic_mean":0.7584518297108963,"_wandb":{"runtime":866},"epoch":0}