{"novel_accuracy":0.7704026115342764,"harmonic_mean":0.7584518297108963,"epoch":0,"_timestamp":1.7476859736892147e+09,"_wandb":{"runtime":1245},"_runtime":510.13756884,"_step":0,"base_accuracy":0.7468661544682572}