{"novel_accuracy":0.7704026115342764,"harmonic_mean":0.7584518297108963,"epoch":0,"_timestamp":1.74767942442894e+09,"_runtime":517.0136097,"_step":0,"_wandb":{"runtime":519},"base_accuracy":0.7468661544682572}