{"epoch":0,"_timestamp":1.747062529878958e+09,"_wandb":{"runtime":534},"_runtime":401.940115385,"_step":0,"base_accuracy":0.7468661544682572,"novel_accuracy":0.7704026115342764,"harmonic_mean":0.7584518297108963}