{"_timestamp":1.7476802795470583e+09,"_runtime":533.285967348,"_step":0,"base_accuracy":0.7468661544682572,"novel_accuracy":0.7704026115342764,"harmonic_mean":0.7584518297108963,"epoch":0,"_wandb":{"runtime":1431}}