{"novel_accuracy":0.7704026115342764,"harmonic_mean":0.7584518297108963,"epoch":0,"_timestamp":1.7470634443366897e+09,"_runtime":367.745582842,"_wandb":{"runtime":436},"_step":0,"base_accuracy":0.7468661544682572}