{"_wandb":{"runtime":306},"base_accuracy":0.7468661544682572,"novel_accuracy":0.7704026115342764,"harmonic_mean":0.7584518297108963,"epoch":0,"_timestamp":1.7470630219349766e+09,"_runtime":305.559032456,"_step":0}