{"novel_accuracy":0.7704026115342764,"_wandb":{"runtime":1139},"harmonic_mean":0.7584518297108963,"epoch":0,"_timestamp":1.747734043443749e+09,"_runtime":717.713267947,"_step":0,"base_accuracy":0.7468661544682572}