{"_wandb":{"runtime":1151},"_step":0,"base_accuracy":0.7468661544682572,"novel_accuracy":0.7704026115342764,"harmonic_mean":0.7584518297108963,"epoch":0,"_timestamp":1.7477528505888863e+09,"_runtime":345.324212046}