{"harmonic_mean":0.7584518297108963,"epoch":0,"_timestamp":1.7476782361538358e+09,"_runtime":511.108074423,"_step":0,"_wandb":{"runtime":511},"base_accuracy":0.7468661544682572,"novel_accuracy":0.7704026115342764}