{"_step":0,"base_accuracy":0.7468661544682572,"novel_accuracy":0.7704026115342764,"harmonic_mean":0.7584518297108963,"epoch":0,"_timestamp":1.7470608171313477e+09,"_runtime":404.354876273,"_wandb":{"runtime":407}}